PCA1,PCA2,PCA3,label
-137.22425782493133,-0.9703370943626006,-0.14959556091563897,0
-136.22632457793566,-0.15361835603260054,-0.35066736330145387,0
-136.22426121126432,-0.9687031137837017,-0.1512476718632425,0
-136.2235814377616,-0.1982682906583486,0.6050259827479554,0
-133.22633473693486,-0.14871641429590365,-0.3556236961442645,1
-130.2257382962614,0.2785341359250224,0.24989964387424424,1
-128.22635166860005,-0.14054651140140884,-0.3638842508822817,0
-123.22216869309227,-1.414459909367992,0.17248855900600235,0
-118.22577893225821,0.29814190287180997,0.23007431250300225,0
-118.22697875464542,0.6787117882450437,-0.11439841363708814,1
-116.22637892763896,1.1043283578870704,0.49277703732902367,1
-115.22578909125718,0.30304384460850686,0.22511797966019165,0
-115.22698891364439,0.6836137299817406,-0.11935474647989874,1
-114.22307602721412,-0.5326351822989701,0.813153549837645,0
-114.22639907726284,-0.11767078329682334,-0.38701380414873077,1
-112.22639247297116,1.1108642802026663,0.48616859353860953,1
-112.22639247297116,1.1108642802026663,0.48616859353860953,1
-112.22465207156279,-0.19076949403413268,-0.3144184305233435,0
-112.22551561584692,0.2437453783437351,-0.16936539582146448,0
-111.22639585930415,1.1124982607815652,0.48451648259100644,1
-111.22639585930415,1.1124982607815652,0.48451648259100644,1
-111.22406223518101,-0.9920540073126962,-0.5820774881921751,0
-109.22640263197036,1.1157662219393631,0.48121226069579937,1
-109.2230929588793,-0.5244652794044753,0.8048929950996278,0
-108.22640601830335,1.117400202518262,0.47956014974819583,1
-107.22309973154552,-0.5211973182466774,0.8015887732044207,0
-107.22495263763767,-0.11839918313816922,0.06684805737748478,0
-107.22642278159424,-0.1062329192445306,-0.39857858078195507,0
-107.2258161819218,0.31611568923969857,0.2119010920793638,0
-107.2246690032282,-0.18259959113963786,-0.32267898526136074,0
-106.22642616792723,-0.10459893866563164,-0.4002306917295586,1
-106.22583294521246,-0.9075174325230941,-0.6662376384507871,0
-105.22642955426022,-0.10296495808673267,-0.40188280267716214,0
-105.22641617730255,1.122302144254959,0.4746038169053852,1
-103.22408932584563,-0.9789821626815045,-0.5952943757730034,0
-103.22311327687771,-0.5146613959310815,0.7949803294140065,0
-102.22468593489339,-0.17442968824514304,-0.330939539999378,0
-100.22643310896774,1.1304720471494538,0.466343262167368,1
-100.22585326321064,-0.8977135490497004,-0.6761503041364079,0
-100.22644648592541,-0.09479505519223785,-0.4101433574151794,0
-99.22253359949514,-1.3110439674729482,0.5223649389023644,0
-99.22253359949514,-1.3110439674729482,0.5223649389023644,0
-99.22284318780044,-0.5723258816169543,0.3988448429847473,0
-98.22645325859162,-0.09152709403443993,-0.41344757931038645,0
-98.22498311463505,-0.10369335792807854,0.051979058849053406,0
-97.22313359487589,-0.5048575124576877,0.7850676637283858,0
-96.2264600312576,-0.088259132876642,-0.4167518012055935,0
-95.22254714482733,-1.3045080451573523,0.5157564951119502,0
-95.22470963922478,-0.1629918241928503,-0.3425043166326027,1
-94.22440343725248,-0.9000759294699452,-0.22063633166258922,0
-94.22471302555778,-0.16135784361395134,-0.34415642758020626,0
-94.22471302555778,-0.16135784361395134,-0.34415642758020626,0
-93.2264701902568,-0.08335719113994511,-0.4217081340484037,0
-92.2264735765898,-0.08172321056104614,-0.4233602449960072,0
-92.22373043641574,-0.1263731451867942,0.532333101053402,1
-92.2264735765898,-0.08172321056104614,-0.4233602449960072,0
-92.22315052654108,-0.4966876095631929,0.7768071089903685,0
-92.2264735765898,-0.08172321056104614,-0.4233602449960072,0
-92.2264735765898,-0.08172321056104614,-0.4233602449960072,0
-89.22501359163243,-0.08898753271798787,0.03711006032062203,0
-89.22442036891766,-0.8919060265754504,-0.22889688640060646,0
-89.226483735589,-0.07682126882434925,-0.4283165778388178,0
-88.2231640718735,-0.49015168724759706,0.7701986651999544,0
-88.22473334355618,-0.15155396014055755,-0.35406909326582703,0
-87.22257423549172,-1.2914362005261606,0.5025396075311224,0
-87.22257423549172,-1.2914362005261606,0.5025396075311224,0
-86.2264938945882,-0.07191932708765236,-0.43327291068162843,0
-86.22588729491576,0.3504292813965768,0.17720676217969045,1
-86.22588729491576,0.3504292813965768,0.17720676217969045,0
-83.22318100353868,-0.48198178435310224,0.7619381104619372,0
-83.22589745391497,0.3553312231332737,0.17225042933688028,0
-82.22590084024796,0.35696520371217266,0.17059831838927675,1
-82.2265074399204,-0.06538340477205651,-0.43988135447204213,0
-82.22649406296273,1.1598836975696352,0.43660526511050524,1
-81.22590422658095,0.3585991842910716,0.1689462074416732,1
-81.22475704788735,-0.1401160960882648,-0.36563386989905133,0
-80.22651421258661,-0.06211544361425858,-0.4431855763672492,0
-80.22592098987184,-0.8650339374717211,-0.7091925230884777,0
-80.22651421258661,-0.06211544361425858,-0.4431855763672492,0
-80.22651421258661,-0.06211544361425858,-0.4431855763672492,0
-78.22505084129602,-0.07101374635009927,0.01893683989698358,1
-77.22652437158558,-0.05721350187756169,-0.4481419092100598,0
-77.22378123141152,-0.10186343650330976,0.5075514368393494,0
-76.22477397955277,-0.13194619319377,-0.373894424637069,0
-76.2265277579188,-0.055579521298662726,-0.44979402015766334,0
-75.22593792153702,-0.8568640345772263,-0.7174530778264954,0
-74.22321148053607,-0.46727595914301157,0.7470691119335058,0
-74.22652115362712,1.1729555422008269,0.4233883775296774,1
-74.22321148053607,-0.46727595914301157,0.7470691119335058,0
-74.22653453058479,-0.0523115601408648,-0.45309824205286997,0
-73.22321486686928,-0.4656419785641126,0.7454170009859022,0
-73.22321486686928,-0.4656419785641126,0.7454170009859022,1
-73.22652453996034,1.1745895227797258,0.42173626658207386,1
-73.226537916918,-0.050677579561965835,-0.4547503530004735,0
-71.22713791229876,0.755508875453295,-0.1920476281744521,1
-70.22595485320221,-0.8486941316827314,-0.7257136325645126,0
-68.2256779273414,0.7482445532963529,0.26842267714217716,1
-68.22480107021715,-0.11887434856257828,-0.38711131221789685,0
-68.2226385758197,-1.2603905695270803,0.4711494995266561,0
-67.22655823491618,-0.040873696088572053,-0.4646630186860947,0
-67.22654485795852,1.1843934062531196,0.41182360089645265,1
-66.22323857120045,-0.45420411451181986,0.7338522243526775,0
-66.22509147729261,-0.05140597940331171,-0.0008884914742584016,0
-66.22656162124918,-0.03923971550967309,-0.46631512963369826,0
-66.22656162124918,-0.03923971550967309,-0.46631512963369826,0
-65.22324195753367,-0.4525701339329209,0.7322001134050744,0
-65.22655163062473,1.1876613674109175,0.408519379001246,1
-64.22596179424295,0.386376854132354,0.140860321332414,1
-64.22656839391539,-0.03597175435187516,-0.4696193515289049,0
-64.22656839391539,-0.03597175435187516,-0.4696193515289049,0
-63.22422477916757,-0.913622939525546,-0.6613788136771426,0
-62.22482138821533,-0.1090704650891845,-0.3970239779035176,1
-61.22482477454855,-0.10743648451028553,-0.39867608885112116,0
-61.22656517595692,1.1941972897265134,0.4019109352108319,1
-61.22597195324215,0.3912787958690509,0.1359039884896034,1
-59.22717854829534,0.7751166424000826,-0.21187295954569407,1
-59.22717854829534,0.7751166424000826,-0.21187295954569407,1
-58.22658871191379,-0.02616787087848138,-0.4795320172145261,0
-57.22659209824678,-0.024533890299582417,-0.48118412816212963,0
-56.223272434531054,-0.4378643087228302,0.7173311148766426,0
-55.2265854939551,1.2040011731999072,0.3919982695252111,1
-55.22659887091277,-0.02126592914178449,-0.48448835005733626,1
-55.22484509254673,-0.09763260103689175,-0.4085887545367419,1
-54.22425525616518,-0.8989171143154553,-0.676247812205574,0
-49.224865410545135,-0.08782871756349797,-0.41850142022236314,1
-49.22661918891117,-0.011462045668390708,-0.4944010157429575,1
-49.224272187830366,-0.8907472114209605,-0.6845083669435916,0
-48.226622575244164,-0.009828065089491744,-0.496053126690561,0
-47.222709688813666,-1.226076977370202,0.4364551696269827,0
-46.226629347910375,-0.006560103931693817,-0.49935734858576764,1
-45.2266193572857,1.2203409789888968,0.3754771600491762,1
-44.22663612057636,-0.0032921427738958897,-0.5026615704809747,0
-43.22723272962435,0.801260331662466,-0.23830673470734975,1
-42.2266295162849,1.2252429207255937,0.3705208272063656,1
-42.2266295162849,1.2252429207255937,0.3705208272063656,1
-42.22488911487653,-0.07639085351120523,-0.43006619685558745,0
-41.22332322952684,-0.41335460003934577,0.6925494506625904,0
-41.226632902617894,1.2268769013044927,0.36886871625876205,1
-41.225176135618995,-0.010556464930837617,-0.04219126516434546,0
-40.226636288950886,1.2285108818833916,0.3672166053111585,1
-39.226059829527,-0.7980407337368636,-0.7769290719402209,0
-37.22606660219299,-0.7947727725790656,-0.7802332938354275,0
-36.22490943287471,-0.06658697003781144,-0.4399788625412082,0
-36.22664983428308,1.2350468041989875,0.3606081615207448,1
-35.22546677518676,-0.369156202937039,-0.1730578428693157,0
-35.22431959649316,-0.867871483316375,-0.7076379202100402,0
-34.22666998390696,0.013047663015093747,-0.5191826799570096,0
-33.22491959187391,-0.06168502830111455,-0.4449351953840188,0
-32.224329755492136,-0.8629695415796781,-0.7125942530528508,0
-31.224926364540124,-0.058417067143316626,-0.4482394172792259,0
-29.226093692857376,-0.7817009279478739,-0.7934501814162558,0
-29.224933137206108,-0.0551491059855187,-0.45154363917443296,0
-29.222770642808655,-1.1966653269500207,0.40671717257011997,0
-28.227283524620134,0.8257700403459505,-0.2630883989214019,1
-28.223367251856644,-0.39211285251365924,0.6710720083437454,0
-26.226697074571348,0.026119507646285456,-0.5323995675378375,0
-26.226697074571348,0.026119507646285456,-0.5323995675378375,0
-24.22670384723756,0.029387468804083383,-0.5357037894330445,0
-24.225504024850352,-0.3511824165691504,-0.19123106329295414,0
-24.223380797188838,-0.3855769301980634,0.6644635645533312,1
-24.22670384723756,0.029387468804083383,-0.5357037894330445,0
-24.225504024850352,-0.3511824165691504,-0.19123106329295414,0
-24.224356846156752,-0.8498976969484864,-0.7258111406336787,0
-24.22609724756512,0.45173607728831255,0.07477588342827435,1
-24.22611062452279,-0.7735310250533791,-0.801710736154273,0
-24.223380797188838,-0.3855769301980634,0.6644635645533312,0
-24.22670384723756,0.029387468804083383,-0.5357037894330445,0
-24.22669047027989,1.254654571145775,0.34078283014950284,1
-24.22669047027989,1.254654571145775,0.34078283014950284,1
-24.224640480566222,-0.7856972889470177,-0.33628409799483316,0
-24.22609724756512,0.45173607728831255,0.07477588342827435,0
-23.226100633898113,0.4533700578672115,0.07312377248067081,1
-23.22338418352183,-0.3839429496191644,0.6628114536057277,0
-23.224953455204513,-0.045345222512124916,-0.46145630486005373,0
-23.22611401085578,-0.7718970444744802,-0.8033628471018766,0
-23.22670723357055,0.031021449382982347,-0.5373559003806481,0
-23.224360232489744,-0.8482637163695874,-0.7274632515812822,0
-23.224953455204513,-0.045345222512124916,-0.46145630486005373,0
-23.22338418352183,-0.3839429496191644,0.6628114536057277,0
-23.226693856612883,1.256288551724674,0.3391307192018993,1
-23.224953455204513,-0.045345222512124916,-0.46145630486005373,0
-23.226693856612883,1.256288551724674,0.3391307192018993,1
-23.224643866899214,-0.7840633083681188,-0.3379362089424367,0
-22.226697242945875,1.257922532303573,0.33747860825429576,1
-22.226697242945875,1.257922532303573,0.33747860825429576,1
-22.226117397188773,-0.7702630638955812,-0.8050149580494801,0
-22.225240475946975,0.020489166068242692,-0.07358137316881175,1
-22.226104020231105,0.4550040384461105,0.07147166153306728,0
-22.225240475946975,0.020489166068242692,-0.07358137316881175,0
-22.224956841537505,-0.04371124193322595,-0.46310841580765727,0
-22.223387569854822,-0.38230896904026546,0.6611593426581241,0
-22.223387569854822,-0.38230896904026546,0.6611593426581241,0
-22.226104020231105,0.4550040384461105,0.07147166153306728,1
-22.224647253232206,-0.7824293277892198,-0.33958831989004024,0
-21.226700629278866,1.259556512882472,0.33582649730669223,1
-21.226714006236534,0.034289410540780274,-0.5406601222758551,0
-21.226714006236534,0.034289410540780274,-0.5406601222758551,0
-21.226120783521765,-0.7686290833166822,-0.8066670689970836,0
-21.224367005155727,-0.8449957552117895,-0.7307674734764893,0
-21.226714006236534,0.034289410540780274,-0.5406601222758551,0
-21.226714006236534,0.034289410540780274,-0.5406601222758551,1
-20.223394342521033,-0.37904100788246753,0.6578551207629171,0
-20.222801119806263,-1.18195950173993,0.3918481740416886,0
-20.224654025898417,-0.7791613666314219,-0.3428925417852473,0
-19.226114179230308,0.4599059801828074,0.06651532869025667,0
-19.226707401945077,1.2628244740402699,0.33252227541148516,1
-19.22465741223141,-0.7775273860525229,-0.34454465273285084,0
-19.225843857660948,0.8283096016624021,0.18746924070960613,1
-19.224967000536708,-0.03880930019652906,-0.4680647486504679,0
-19.226720778902745,0.037557371698578645,-0.5439643441710622,0
-19.225843857660948,0.8283096016624021,0.18746924070960613,1
-19.226114179230308,0.4599059801828074,0.06651532869025667,1
-19.226720778902745,0.037557371698578645,-0.5439643441710622,0
-19.224967000536708,-0.03880930019652906,-0.4680647486504679,0
-19.226707401945077,1.2628244740402699,0.33252227541148516,1
-19.223397728854025,-0.37740702730356857,0.6562030098153135,0
-19.226720778902745,0.037557371698578645,-0.5439643441710622,1
-18.223401115187016,-0.3757730467246696,0.6545508988677105,0
-18.2246607985644,-0.775893405473624,-0.34619676368045393,0
-17.22671417461106,1.2660924351980678,0.32921805351627853,1
-17.22497377320269,-0.035541339038731135,-0.4713689705456745,0
-17.223404501520008,-0.37413906614577064,0.6528987879201069,0
-17.223404501520008,-0.37413906614577064,0.6528987879201069,0
-16.22497715953591,-0.03390735845983217,-0.47302108149327804,0
-16.22612433822951,0.46480792191950426,0.06155899584744651,1
-16.22526079394538,0.030293049541636474,-0.08349403885443252,0
-16.22671756094428,1.2677264157769668,0.327565942568675,1
-15.224980545868902,-0.03227337788093321,-0.4746731924408816,0
-15.226720947277272,1.2693603963558657,0.32591383162107146,1
-15.223411274186219,-0.3708711049879727,0.6495945660248998,0
-15.224387323154133,-0.8351918717383957,-0.7406801391621101,0
-15.226127724562502,0.4664419024984032,0.05990688489984297,1
-15.223411274186219,-0.3708711049879727,0.6495945660248998,0
-14.226737710567932,0.045727274593073464,-0.5522248989090794,1
-14.224983932201894,-0.030639397302034244,-0.4763253033884851,1
-14.226131110895494,0.4680758830773022,0.058254773952239436,0
-14.225537888180725,-0.33484261078016075,-0.20775217276898905,0
-14.224983932201894,-0.030639397302034244,-0.4763253033884851,0
-14.226724333610264,1.2709943769347647,0.3242617206734679,1
-14.222821437804441,-1.1721556182665362,0.3819355083560678,0
-14.226131110895494,0.4680758830773022,0.058254773952239436,1
-14.22341466051921,-0.36923712440907375,0.6479424550772963,0
-14.226737710567932,0.045727274593073464,-0.5522248989090794,0
-13.22282482413766,-1.1705216376876373,0.3802833974084643,0
-13.226727719943483,1.2726283575136637,0.3226096097258644,1
-13.226134497228713,0.46970986365620115,0.0566026630046359,1
-13.226727719943483,1.2726283575136637,0.3226096097258644,1
-13.22674109690115,0.04736125517197243,-0.553877009856683,1
-13.22674109690115,0.04736125517197243,-0.553877009856683,0
-13.22674109690115,0.04736125517197243,-0.553877009856683,0
-13.226727719943483,1.2726283575136637,0.3226096097258644,1
-12.226744483234143,0.04899523575087139,-0.5555291208042865,0
-12.222828210470652,-1.1688876571087383,0.37863128646086075,0
-12.226731106276475,1.2742623380925626,0.32095749877826085,1
-12.226137883561705,0.4713438442351001,0.054950552057032365,1
-12.226151260519373,-0.7539232581065916,-0.821536067525515,0
-11.226747869567134,0.050629216329770355,-0.55718123175189,0
-11.226747869567134,0.050629216329770355,-0.55718123175189,0
-11.224994091201097,-0.025737455565337353,-0.4812816362312957,0
-11.224994091201097,-0.025737455565337353,-0.4812816362312957,0
-11.222831596803644,-1.1672536765298394,0.3769791755132572,0
-11.223424819518414,-0.36433518267237686,0.6429861222344857,0
-11.227341092281904,0.8535477101872329,-0.29117428503066156,1
-10.223428205851405,-0.3627012020934779,0.6413340112868822,0
-10.226737878942458,1.2775302992503605,0.3176532768830538,1
-10.223428205851405,-0.3627012020934779,0.6413340112868822,0
-10.226737878942458,1.2775302992503605,0.3176532768830538,1
-10.223428205851405,-0.3627012020934779,0.6413340112868822,0
-10.226751255900126,0.05226319690866932,-0.5588333426994936,0
-10.223428205851405,-0.3627012020934779,0.6413340112868822,0
-10.226144656227689,0.47461180539289805,0.05164633016182529,1
-9.226741265275678,1.2791642798292595,0.3160011659354507,1
-9.222838369469855,-1.1639857153720414,0.3736749536180506,0
-9.223431592184625,-0.36106722151457893,0.6396819003392791,1
-9.225864408151438,0.41204537797032836,-0.3395328234246233,0
-9.225000863867308,-0.022469494407539425,-0.48458585812650234,0
-9.223431592184625,-0.36106722151457893,0.6396819003392791,1
-9.223431592184625,-0.36106722151457893,0.6396819003392791,0
-9.226741265275678,1.2791642798292595,0.3160011659354507,1
-9.226741265275678,1.2791642798292595,0.3160011659354507,1
-8.2261514288939,0.477879766550696,0.048342108266618666,1
-8.223434978517616,-0.35943324093567997,0.6380297893916755,0
-8.226164805851568,-0.7473873357909957,-0.8281445113159287,0
-8.226758028566337,0.055531158066467246,-0.5621375645947002,1
-8.223434978517616,-0.35943324093567997,0.6380297893916755,0
-8.226758028566337,0.055531158066467246,-0.5621375645947002,0
-8.226758028566337,0.055531158066467246,-0.5621375645947002,0
-8.226758028566337,0.055531158066467246,-0.5621375645947002,1
-8.223434978517616,-0.35943324093567997,0.6380297893916755,0
-8.223434978517616,-0.35943324093567997,0.6380297893916755,0
-8.226758028566337,0.055531158066467246,-0.5621375645947002,0
-8.223434978517616,-0.35943324093567997,0.6380297893916755,0
-8.226758028566337,0.055531158066467246,-0.5621375645947002,1
-8.223434978517616,-0.35943324093567997,0.6380297893916755,0
-8.226758028566337,0.055531158066467246,-0.5621375645947002,0
-8.223434978517616,-0.35943324093567997,0.6380297893916755,0
-8.2250042502003,-0.020835513828640462,-0.4862379690741059,1
-8.223434978517616,-0.35943324093567997,0.6380297893916755,0
-8.226758028566337,0.055531158066467246,-0.5621375645947002,0
-7.226748037941661,1.2824322409870574,0.3126969440402436,1
-7.223438364850608,-0.357799260356781,0.636377678444072,0
-7.226748037941661,1.2824322409870574,0.3126969440402436,1
-7.223438364850608,-0.357799260356781,0.636377678444072,0
-7.226748037941661,1.2824322409870574,0.3126969440402436,1
-7.2261548152268915,0.47951374712959494,0.04668999731901513,1
-7.223438364850608,-0.357799260356781,0.636377678444072,0
-7.223438364850608,-0.357799260356781,0.636377678444072,0
-7.2258844936575315,0.8479173686091896,0.1676439093383646,1
-7.2273546376140985,0.8600836325028287,-0.29778272882107526,1
-6.225294657275754,0.04663285533062611,-0.10001514833046743,1
-6.225564978845114,-0.32177076614896905,-0.2209690603498169,0
-6.225011022866283,-0.017567552670842534,-0.48954219096931295,0
-6.22284852846883,-1.1590837736353445,0.36871862077524,0
-6.226171578517551,-0.7441193746331978,-0.8314487332111358,0
-6.226751424274653,1.2840662215659564,0.3110448330926401,1
-6.226764801232321,0.05879911922426517,-0.5654417864899073,1
-6.226764801232321,0.05879911922426517,-0.5654417864899073,0
-6.2234417511836,-0.35616527977788204,0.6347255674964685,0
-6.2234417511836,-0.35616527977788204,0.6347255674964685,0
-5.227361410280309,0.8633515936606266,-0.30108695071628233,1
-5.223445137516819,-0.3545312991989831,0.6330734565488649,0
-5.22676818756554,0.060433099803164136,-0.5670938974375108,0
-5.225298043608973,0.048266835909525074,-0.10166725927807096,1
-5.2250144091995026,-0.01593357209194357,-0.4911943019169165,0
-5.2250144091995026,-0.01593357209194357,-0.4911943019169165,0
-5.224704820894203,-0.7546516579479374,-0.36767420599929945,0
-5.2250144091995026,-0.01593357209194357,-0.4911943019169165,0
-5.226754810607872,1.2857002021448554,0.30939272214503655,1
-5.2250144091995026,-0.01593357209194357,-0.4911943019169165,1
-4.223448523849811,-0.3528973186200841,0.6314213456012614,0
-4.226771573898532,0.0620670803820631,-0.5687460083851144,0
-4.223448523849811,-0.3528973186200841,0.6314213456012614,0
-4.226758196940864,1.2873341827237543,0.307740611197433,1
-4.222855301135041,-1.1558158124775466,0.3654143988800329,0
-4.226771573898532,0.0620670803820631,-0.5687460083851144,0
-4.223448523849811,-0.3528973186200841,0.6314213456012614,0
-4.222855301135041,-1.1558158124775466,0.3654143988800329,0
-4.226164974226094,0.4844156888662918,0.041733664476204524,1
-4.222855301135041,-1.1558158124775466,0.3654143988800329,0
-4.226758196940864,1.2873341827237543,0.307740611197433,1
-4.226164974226094,0.4844156888662918,0.041733664476204524,1
-4.225017795532494,-0.014299591513044607,-0.49284641286452,0
-4.223448523849811,-0.3528973186200841,0.6314213456012614,0
-4.226771573898532,0.0620670803820631,-0.5687460083851144,0
-4.223448523849811,-0.3528973186200841,0.6314213456012614,1
-3.2267615832738556,1.2889681633026533,0.3060885002498295,1
-3.2267615832738556,1.2889681633026533,0.3060885002498295,1
-3.2253048162749565,0.051534797067323,-0.10497148117327804,1
-3.2234519101828027,-0.35126333804118515,0.6297692346536579,0
-3.226181737516754,-0.7392174328965009,-0.8364050660539464,0
-2.225901425322718,0.8560872715036845,0.15938335460034692,1
-2.2267649696068474,1.2906021438815523,0.30443638930222594,1
-2.2234552965157945,-0.3496293574622862,0.6281171237060543,0
-2.2234552965157945,-0.3496293574622862,0.6281171237060543,0
-2.225024568198478,-0.01103163035524668,-0.4961506347597271,0
-2.2267649696068474,1.2906021438815523,0.30443638930222594,1
-2.2234552965157945,-0.3496293574622862,0.6281171237060543,0
-2.222862073801025,-1.1525478513197487,0.36211017698482584,0
-2.2267649696068474,1.2906021438815523,0.30443638930222594,1
-2.2267783465645152,0.06533504153986103,-0.5720502302803214,1
-2.227371569279285,0.8682535353973235,-0.30604328355909294,1
-2.2267649696068474,1.2906021438815523,0.30443638930222594,1
-2.2234552965157945,-0.3496293574622862,0.6281171237060543,1
-1.2234586828490137,-0.3479953768833872,0.6264650127584508,0
-1.2234586828490137,-0.3479953768833872,0.6264650127584508,0
-1.2267683559400666,1.2922361244604512,0.3027842783546224,1
-1.2267683559400666,1.2922361244604512,0.3027842783546224,1
-1.2267817328977344,0.06696902211875999,-0.573702341227925,1
-1.2234586828490137,-0.3479953768833872,0.6264650127584508,1
-1.226175133225297,0.4893176306029887,0.03677733163339392,1
-1.2267683559400666,1.2922361244604512,0.3027842783546224,1
-1.2234586828490137,-0.3479953768833872,0.6264650127584508,0
-1.2228654601342441,-1.1509138707408497,0.3604580660372223,0
-1.2267817328977344,0.06696902211875999,-0.573702341227925,0
-1.2244347318169275,-0.8123161436338102,-0.7638096924285591,0
-1.2255819105105275,-0.3136008632544742,-0.22922961508783457,0
-1.2234586828490137,-0.3479953768833872,0.6264650127584508,1
-1.2267817328977344,0.06696902211875999,-0.573702341227925,0
-0.2234620691820055,-0.34636139630448826,0.6248129018108477,0
-0.22617851955828883,0.4909516111818877,0.035125220685790826,1
-0.22617851955828883,0.4909516111818877,0.035125220685790826,1
-0.2267851192307262,0.06860300269765895,-0.575354452175528,0
-0.2267717422730584,1.2938701050393502,0.3011321674070193,1
-0.2267717422730584,1.2938701050393502,0.3011321674070193,1
-0.22443811814991932,-0.8106821630549113,-0.7654618033761622,0
-0.2267717422730584,1.2938701050393502,0.3011321674070193,1
-0.2234620691820055,-0.34636139630448826,0.6248129018108477,0
-0.2250313408646889,-0.007763669197448753,-0.4994548566549337,0
-0.2250313408646889,-0.007763669197448753,-0.4994548566549337,0
-0.2267851192307262,0.06860300269765895,-0.575354452175528,1
-0.22617851955828883,0.4909516111818877,0.035125220685790826,1
0.7771277671997723,-1.1476459095830518,0.3571538441420157,0
0.7765345444850027,-0.3447274157255893,0.6231607908632442,0
0.7740884156780794,0.8609892132403814,0.15442702175753675,1
0.7759413217702331,0.4581910781318732,0.8891677375844727,1
0.7765345444850027,-0.3447274157255893,0.6231607908632442,0
0.7765345444850027,-0.3447274157255893,0.6231607908632442,1
0.773211494436282,0.07023698327655792,-0.5770065631231316,1
0.7732248713939498,1.2955040856182491,0.2994800564594158,1
0.773211494436282,0.07023698327655792,-0.5770065631231316,0
0.7771277671997723,-1.1476459095830518,0.3571538441420157,0
0.773211494436282,0.07023698327655792,-0.5770065631231316,1
0.774411316823489,-0.3103329020966763,-0.2325338369830412,0
0.7765345444850027,-0.3447274157255893,0.6231607908632442,0
0.7749652728023193,-0.006129688618549789,-0.5011069676025373,0
1.7749618864691001,-0.004495708039650825,-0.5027590785501408,0
1.7738147077755002,0.4942195723396856,0.031820998790583754,0
1.7765311581517835,-0.34309343514669033,0.6215086799156406,0
1.7743686637543306,0.7984227858178117,-0.2367521318289123,1
1.7755551091838697,-0.8074142018971133,-0.7687660252713693,0
1.7740850293448602,0.8626231938192803,0.15277491080993322,1
1.7765311581517835,-0.34309343514669033,0.6215086799156406,0
1.7749618864691001,-0.004495708039650825,-0.5027590785501408,0
1.7749618864691001,-0.004495708039650825,-0.5027590785501408,0
1.7765311581517835,-0.34309343514669033,0.6215086799156406,0
1.7749618864691001,-0.004495708039650825,-0.5027590785501408,1
1.777124380866553,-1.1460119290041528,0.35550173319441214,0
1.7765311581517835,-0.34309343514669033,0.6215086799156406,0
1.7740850293448602,0.8626231938192803,0.15277491080993322,1
1.777124380866553,-1.1460119290041528,0.35550173319441214,0
1.7765311581517835,-0.34309343514669033,0.6215086799156406,0
1.7765311581517835,-0.34309343514669033,0.6215086799156406,1
1.7732214850607306,1.297138066197148,0.29782794551181224,1
1.775937935437014,0.45982505871077217,0.8875156266368691,1
1.7765311581517835,-0.34309343514669033,0.6215086799156406,0
1.7740850293448602,0.8626231938192803,0.15277491080993322,1
2.7765277718187917,-0.34145945456779137,0.6198565689680371,0
2.7765277718187917,-0.34145945456779137,0.6198565689680371,0
2.7771209945335613,-1.1443779484252539,0.3538496222468086,0
2.7765277718187917,-0.34145945456779137,0.6198565689680371,0
2.7771209945335613,-1.1443779484252539,0.3538496222468086,0
2.7740816430118684,0.8642571743981793,0.15112279986232968,1
2.7771209945335613,-1.1443779484252539,0.3538496222468086,0
2.7765277718187917,-0.34145945456779137,0.6198565689680371,0
2.773204721770071,0.07350494443435585,-0.5803107850183387,1
2.773204721770071,0.07350494443435585,-0.5803107850183387,0
2.774674865726638,0.06133868054071678,-0.1148841468588988,0
2.7738113214425084,0.4958535529185846,0.03016888784298022,1
2.7740949558519787,0.4316531449171159,-0.3593581547958653,1
3.7732013354370793,0.07513892501325481,-0.5819628959659422,0
3.7765243854858,-0.3398254739888924,0.6182044580204336,0
3.773214712394747,1.300406027354946,0.29452372361660517,1
3.773214712394747,1.300406027354946,0.29452372361660517,1
3.7765243854858,-0.3398254739888924,0.6182044580204336,0
3.773214712394747,1.300406027354946,0.29452372361660517,1
3.7759311627710304,0.4630930198685701,0.884211404741662,1
3.7738079351095166,0.49748753349748354,0.028516776895376683,0
3.7765243854858,-0.3398254739888924,0.6182044580204336,0
3.773214712394747,1.300406027354946,0.29452372361660517,1
3.773214712394747,1.300406027354946,0.29452372361660517,1
3.7771176082005695,-1.142743967846355,0.35219751129920507,0
3.7726081127223097,0.8780574188707173,-0.3159559492447137,1
3.7765243854858,-0.3398254739888924,0.6182044580204336,0
3.7726081127223097,0.8780574188707173,-0.3159559492447137,1
4.776520999152808,-0.33819149340999344,0.61655234707283,0
4.773804548776525,0.4991215140763825,0.026864665947773148,1
4.774668093060654,0.06460664169851471,-0.11818836875410588,1
4.777114221867578,-1.141109987267456,0.35054540035160153,0
4.7731979491040875,0.07677290559215377,-0.5836150069135457,0
4.773211326061755,1.302040007933845,0.29287161266900164,1
4.774951727470125,0.0004062336970460656,-0.5077154113929514,0
4.776520999152808,-0.33819149340999344,0.61655234707283,0
4.776520999152808,-0.33819149340999344,0.61655234707283,0
4.777114221867578,-1.141109987267456,0.35054540035160153,0
4.7731979491040875,0.07677290559215377,-0.5836150069135457,0
4.7731979491040875,0.07677290559215377,-0.5836150069135457,0
4.772604726389318,0.8796913994496163,-0.31760806019231724,1
4.7731979491040875,0.07677290559215377,-0.5836150069135457,0
4.773211326061755,1.302040007933845,0.29287161266900164,1
4.772604726389318,0.8796913994496163,-0.31760806019231724,1
5.774948341136906,0.0020402142759450292,-0.5093675223405549,0
5.777110835534359,-1.139476006688557,0.348893289403998,0
5.776517612819589,-0.3365575128310945,0.6149002361252265,0
5.777110835534359,-1.139476006688557,0.348893289403998,0
5.773207939728536,1.303673988512744,0.2912195017213981,1
5.774394385158075,-0.3021629992021815,-0.24079439172105888,0
5.773194562770868,0.07840688617105274,-0.5852671178611493,0
5.773194562770868,0.07840688617105274,-0.5852671178611493,0
5.773207939728536,1.303673988512744,0.2912195017213981,1
5.773207939728536,1.303673988512744,0.2912195017213981,1
5.776517612819589,-0.3365575128310945,0.6149002361252265,0
6.7731911764378765,0.0800408667499517,-0.5869192288087528,0
6.7731911764378765,0.0800408667499517,-0.5869192288087528,0
6.776514226486597,-0.3349235322521955,0.613248125177623,0
6.776514226486597,-0.3349235322521955,0.613248125177623,0
6.7731911764378765,0.0800408667499517,-0.5869192288087528,0
6.776514226486597,-0.3349235322521955,0.613248125177623,0
6.7731911764378765,0.0800408667499517,-0.5869192288087528,0
6.7731911764378765,0.0800408667499517,-0.5869192288087528,1
6.776514226486597,-0.3349235322521955,0.613248125177623,0
6.774944954803914,0.003674194854843993,-0.5110196332881585,0
6.7731911764378765,0.0800408667499517,-0.5869192288087528,0
6.774944954803914,0.003674194854843993,-0.5110196332881585,0
6.773204553395544,1.305307969091643,0.28956739077379456,1
6.7731911764378765,0.0800408667499517,-0.5869192288087528,0
6.773204553395544,1.305307969091643,0.28956739077379456,1
6.776514226486597,-0.3349235322521955,0.613248125177623,0
6.776514226486597,-0.3349235322521955,0.613248125177623,0
6.776514226486597,-0.3349235322521955,0.613248125177623,0
6.7731911764378765,0.0800408667499517,-0.5869192288087528,0
6.773784399152646,-0.7228776271075112,-0.8529261755299813,0
6.773204553395544,1.305307969091643,0.28956739077379456,1
6.776514226486597,-0.3349235322521955,0.613248125177623,0
6.774944954803914,0.003674194854843993,-0.5110196332881585,0
6.774944954803914,0.003674194854843993,-0.5110196332881585,1
6.777107449201367,-1.137842026109658,0.34724117845639446,0
6.773797776110314,0.5023894752341804,0.023560444052566076,0
6.773797776110314,0.5023894752341804,0.023560444052566076,1
6.774944954803914,0.003674194854843993,-0.5110196332881585,0
7.776510840153605,-0.33328955167329655,0.6115960142300194,0
7.7732011670625525,1.306941949670542,0.28791527982619103,1
7.7732011670625525,1.306941949670542,0.28791527982619103,1
7.774941568470922,0.0053081754337429565,-0.512671744235762,0
7.776794474563076,-0.3974899596747652,0.2220689715911739,0
7.774941568470922,0.0053081754337429565,-0.512671744235762,0
7.776510840153605,-0.33328955167329655,0.6115960142300194,0
7.775534791185692,-0.7976103184237195,-0.7786786909569905,0
7.774941568470922,0.0053081754337429565,-0.512671744235762,0
7.774941568470922,0.0053081754337429565,-0.512671744235762,0
7.774657934061452,0.0695085834352116,-0.12314470159691648,1
8.77319778072956,1.3085759302494409,0.2862631688785875,1
8.773184403771893,0.08330882790774963,-0.5902234507039599,0
8.77493818213793,0.00694215601264192,-0.5143238551833655,1
8.777100676535383,-1.13457406495186,0.3439369565611874,0
8.777100676535383,-1.13457406495186,0.3439369565611874,0
8.77493818213793,0.00694215601264192,-0.5143238551833655,1
8.777100676535383,-1.13457406495186,0.3439369565611874,0
8.773184403771893,0.08330882790774963,-0.5902234507039599,1
9.776504067487394,-0.3300215905154986,0.6082917923348128,0
9.773181017438674,0.08494280848664859,-0.591875561651563,0
9.777097290202164,-1.1329400843729611,0.3422848456135843,0
9.773194394396342,1.3102099108283398,0.2846110579309844,1
9.77465116139524,0.07277654459300953,-0.1264489234921231,1
9.774934795804711,0.008576136591540884,-0.5159759661309686,0
9.77552801851948,-0.7943423572659216,-0.7819829128521971,0
9.777097290202164,-1.1329400843729611,0.3422848456135843,0
9.77438083982588,-0.2956270768865856,-0.24740283551147257,0
9.77552801851948,-0.7943423572659216,-0.7819829128521971,0
9.776504067487394,-0.3300215905154986,0.6082917923348128,0
9.773787617111111,0.5072914169708773,0.018604111209755914,0
9.774934795804711,0.008576136591540884,-0.5159759661309686,0
9.777097290202164,-1.1329400843729611,0.3422848456135843,0
9.776504067487394,-0.3300215905154986,0.6082917923348128,0
10.77319100806335,1.3118438914072388,0.28295894698338087,1
10.773177631105682,0.08657678906554755,-0.5935276725991665,0
10.77493140947172,0.010210117170439847,-0.5176280770785722,0
10.775524632186489,-0.7927083766870227,-0.7836350237998007,0
10.77319100806335,1.3118438914072388,0.28295894698338087,1
10.772584408390912,0.88949528292301,-0.327520725877938,1
10.77319100806335,1.3118438914072388,0.28295894698338087,1
10.773177631105682,0.08657678906554755,-0.5935276725991665,0
10.77319100806335,1.3118438914072388,0.28295894698338087,1
10.77493140947172,0.010210117170439847,-0.5176280770785722,0
10.77493140947172,0.010210117170439847,-0.5176280770785722,0
10.773177631105682,0.08657678906554755,-0.5935276725991665,1
11.77317424477269,0.08821076964444652,-0.59517978354677,0
11.774334800423958,0.8147625916068013,-0.2532732413049472,1
11.77317424477269,0.08821076964444652,-0.59517978354677,1
11.77649729482141,-0.3267536293577007,0.6049875704396057,0
11.774928023138727,0.011844097749338811,-0.5192801880261757,1
11.774928023138727,0.011844097749338811,-0.5192801880261757,0
11.774334800423958,0.8147625916068013,-0.2532732413049472,1
11.774928023138727,0.011844097749338811,-0.5192801880261757,0
11.77649729482141,-0.3267536293577007,0.6049875704396057,0
11.774051166014488,0.87896299960827,0.1362538013338983,1
11.773780844445128,0.5105593781286752,0.015299889314548842,1
11.774928023138727,0.011844097749338811,-0.5192801880261757,0
12.776493908488419,-0.32511964877880173,0.6033354594920022,0
12.773777458112136,0.5121933587075742,0.013647778366945307,0
12.773777458112136,0.5121933587075742,0.013647778366945307,1
12.776493908488419,-0.32511964877880173,0.6033354594920022,0
12.776493908488419,-0.32511964877880173,0.6033354594920022,0
12.776493908488419,-0.32511964877880173,0.6033354594920022,1
12.777087131203189,-1.1280381426362642,0.3373285127707737,0
12.774924636805736,0.013478078328237775,-0.5209322989737792,0
12.773184235397366,1.3151118525650367,0.2796547250881738,1
12.773170858439698,0.08984475022334548,-0.5968318944943736,0
12.773184235397366,1.3151118525650367,0.2796547250881738,1
12.772577635724929,0.892763244080808,-0.3308249477731451,1
12.774924636805736,0.013478078328237775,-0.5209322989737792,0
13.774921250472516,0.015112058907136738,-0.5225844099213828,0
13.773180849064147,1.3167458331439357,0.27800261414057026,1
13.774921250472516,0.015112058907136738,-0.5225844099213828,0
13.773180849064147,1.3167458331439357,0.27800261414057026,1
14.773770685445925,0.5154613198653721,0.010343556471738236,0
14.773177462731155,1.3183798137228346,0.2763505031929667,1
14.773177462731155,1.3183798137228346,0.2763505031929667,1
14.773757308488257,-0.7098057824763195,-0.8661430631108091,0
14.776487135822208,-0.3218516876210038,0.6000312375967951,0
14.773177462731155,1.3183798137228346,0.2763505031929667,1
14.774041007015285,0.8838649413449668,0.1312974684910877,1
14.776487135822208,-0.3218516876210038,0.6000312375967951,0
14.774363908160694,-0.2874571739920908,-0.25566339024949025,0
14.773770685445925,0.5154613198653721,0.010343556471738236,0
14.774917864139525,0.016746039486035702,-0.5242365208689863,0
14.773164085773487,0.09311271138114341,-0.6001361163895806,0
14.776487135822208,-0.3218516876210038,0.6000312375967951,0
14.776487135822208,-0.3218516876210038,0.6000312375967951,0
14.773164085773487,0.09311271138114341,-0.6001361163895806,0
15.776483749489216,-0.32021770704210484,0.5983791266491916,1
15.773160699440496,0.09474669196004237,-0.6017882273371842,0
15.773160699440496,0.09474669196004237,-0.6017882273371842,0
15.776483749489216,-0.32021770704210484,0.5983791266491916,0
15.776483749489216,-0.32021770704210484,0.5983791266491916,0
15.775507700521302,-0.7845384737925278,-0.7918955785378183,0
15.774914477806533,0.018380020064934666,-0.5258886318165898,0
15.776483749489216,-0.32021770704210484,0.5983791266491916,0
15.776483749489216,-0.32021770704210484,0.5983791266491916,0
15.773767299112933,0.5170953004442711,0.0086914455241347,0
15.773160699440496,0.09474669196004237,-0.6017882273371842,0
15.776483749489216,-0.32021770704210484,0.5983791266491916,0
15.773174076398163,1.3200137943017336,0.2746983922453632,1
16.773157313107276,0.09638067253894134,-0.6034403382847877,0
16.774911091473314,0.02001400064383363,-0.5275407427641934,0
16.773763912779714,0.5187292810231701,0.007039334576531164,0
16.773763912779714,0.5187292810231701,0.007039334576531164,0
16.776480363155997,-0.3185837264632059,0.596727015701588,0
16.774911091473314,0.02001400064383363,-0.5275407427641934,0
16.773157313107276,0.09638067253894134,-0.6034403382847877,1
16.773157313107276,0.09638067253894134,-0.6034403382847877,0
16.774911091473314,0.02001400064383363,-0.5275407427641934,0
16.774911091473314,0.02001400064383363,-0.5275407427641934,0
17.773760526446722,0.520363261602069,0.005387223628927629,0
17.773760526446722,0.520363261602069,0.005387223628927629,0
17.776476976823005,-0.3169497458843069,0.5950749047539845,0
17.774907705140322,0.021647981222732593,-0.5291928537117969,0
17.773167303731952,1.3232817554595315,0.2713941703501561,1
17.776476976823005,-0.3169497458843069,0.5950749047539845,0
17.776476976823005,-0.3169497458843069,0.5950749047539845,0
17.773153926774285,0.0980146531178403,-0.6050924492323912,1
17.77550092785509,-0.7812705126347299,-0.7951998004330254,0
17.773153926774285,0.0980146531178403,-0.6050924492323912,0
17.774907705140322,0.021647981222732593,-0.5291928537117969,0
17.774907705140322,0.021647981222732593,-0.5291928537117969,0
18.77490431880733,0.023281961801631557,-0.5308449646594,0
18.777066813204783,-1.1182342591628704,0.3274158470851529,0
18.777066813204783,-1.1182342591628704,0.3274158470851529,0
18.773150540441293,0.09964863369673926,-0.6067445601799943,0
18.773150540441293,0.09964863369673926,-0.6067445601799943,0
18.776473590490014,-0.31531576530540795,0.5934227938063814,0
18.773743763156062,-0.7032698601607237,-0.8727515069012228,0
18.77316391739896,1.3249157360384305,0.269742059402553,1
18.77375714011373,0.521997242180968,0.0037351126813245372,0
19.77316053106597,1.3265497166173295,0.2680899484549495,1
19.77375375378074,0.523631222759867,0.0020830017337210016,1
19.77647020415702,-0.313681784726509,0.5917706828587779,0
19.77647020415702,-0.313681784726509,0.5917706828587779,0
19.77490093247434,0.02491594238053052,-0.5324970756070035,0
19.77647020415702,-0.313681784726509,0.5917706828587779,0
19.77706342687179,-1.1166002785839715,0.3257637361375494,0
19.77647020415702,-0.313681784726509,0.5917706828587779,0
19.77374037682307,-0.7016358795818247,-0.8744036178488264,0
19.77490093247434,0.02491594238053052,-0.5324970756070035,0
19.77375375378074,0.523631222759867,0.0020830017337210016,1
19.77374037682307,-0.7016358795818247,-0.8744036178488264,0
20.776466817823803,-0.31204780414761,0.5901185719111743,0
20.773143767775082,0.10291659485453719,-0.6100487820752014,0
20.776466817823803,-0.31204780414761,0.5901185719111743,0
20.776466817823803,-0.31204780414761,0.5901185719111743,0
20.776466817823803,-0.31204780414761,0.5901185719111743,0
20.777060040538572,-1.1149662980050725,0.32411162518994585,0
20.776466817823803,-0.31204780414761,0.5901185719111743,0
20.77315714473275,1.3281836971962284,0.26643783750734595,1
20.773143767775082,0.10291659485453719,-0.6100487820752014,0
20.776466817823803,-0.31204780414761,0.5901185719111743,1
20.776466817823803,-0.31204780414761,0.5901185719111743,0
20.77549076885589,-0.776368570898033,-0.8001561332758356,0
20.772550545060312,0.9058350887119997,-0.3440418353539729,1
20.773143767775082,0.10291659485453719,-0.6100487820752014,0
20.776466817823803,-0.31204780414761,0.5901185719111743,0
20.77489754614112,0.026549922959429484,-0.5341491865546071,0
20.776466817823803,-0.31204780414761,0.5901185719111743,0
20.773143767775082,0.10291659485453719,-0.6100487820752014,1
20.776466817823803,-0.31204780414761,0.5901185719111743,0
20.776466817823803,-0.31204780414761,0.5901185719111743,0
21.773746981114527,0.5268991839176649,-0.0012212201614860696,0
21.77646343149081,-0.31041382356871106,0.5884664609635708,0
21.77314038144209,0.10455057543343615,-0.611700893022805,0
21.77705665420558,-1.1133323174261736,0.3224595142423423,0
21.773746981114527,0.5268991839176649,-0.0012212201614860696,0
21.774894159808127,0.028183903538328448,-0.5358012975022106,0
21.773153758399758,1.3298176777751274,0.2647857265597424,1
21.773153758399758,1.3298176777751274,0.2647857265597424,1
21.774894159808127,0.028183903538328448,-0.5358012975022106,0
21.77646343149081,-0.31041382356871106,0.5884664609635708,0
21.77646343149081,-0.31041382356871106,0.5884664609635708,1
21.77646343149081,-0.31041382356871106,0.5884664609635708,0
21.773746981114527,0.5268991839176649,-0.0012212201614860696,1
21.77314038144209,0.10455057543343615,-0.611700893022805,1
21.774894159808127,0.028183903538328448,-0.5358012975022106,0
21.774894159808127,0.028183903538328448,-0.5358012975022106,0
21.774894159808127,0.028183903538328448,-0.5358012975022106,0
21.77646343149081,-0.31041382356871106,0.5884664609635708,0
21.774894159808127,0.028183903538328448,-0.5358012975022106,0
21.77705665420558,-1.1133323174261736,0.3224595142423423,0
21.77646343149081,-0.31041382356871106,0.5884664609635708,0
21.77314038144209,0.10455057543343615,-0.611700893022805,0
21.77646343149081,-0.31041382356871106,0.5884664609635708,0
21.77646343149081,-0.31041382356871106,0.5884664609635708,0
21.774894159808127,0.028183903538328448,-0.5358012975022106,0
21.773153758399758,1.3298176777751274,0.2647857265597424,1
22.77705326787259,-1.1116983368472746,0.3208074032947388,0
22.77646004515782,-0.3087798429898121,0.5868143500159673,0
22.77705326787259,-1.1116983368472746,0.3208074032947388,0
22.773743594781536,0.5285331644965638,-0.002873331109089605,0
22.77646004515782,-0.3087798429898121,0.5868143500159673,0
22.77646004515782,-0.3087798429898121,0.5868143500159673,0
22.77646004515782,-0.3087798429898121,0.5868143500159673,0
22.7731369951091,0.10618455601233512,-0.6133530039704085,0
22.7731369951091,0.10618455601233512,-0.6133530039704085,0
22.774890773475136,0.02981788411722741,-0.5374534084498142,0
22.774336817496305,-0.2743853293608991,-0.2688802778303181,0
22.774890773475136,0.02981788411722741,-0.5374534084498142,0
22.773150372066766,1.3314516583540263,0.2631336156121389,1
22.774890773475136,0.02981788411722741,-0.5374534084498142,1
22.77646004515782,-0.3087798429898121,0.5868143500159673,0
22.77646004515782,-0.3087798429898121,0.5868143500159673,0
22.77646004515782,-0.3087798429898121,0.5868143500159673,0
22.77646004515782,-0.3087798429898121,0.5868143500159673,0
22.77646004515782,-0.3087798429898121,0.5868143500159673,1
22.77646004515782,-0.3087798429898121,0.5868143500159673,0
22.77646004515782,-0.3087798429898121,0.5868143500159673,1
22.77705326787259,-1.1116983368472746,0.3208074032947388,0
22.77646004515782,-0.3087798429898121,0.5868143500159673,0
22.77646004515782,-0.3087798429898121,0.5868143500159673,0
22.773743594781536,0.5285331644965638,-0.002873331109089605,0
23.775480609856913,-0.7714666291613361,-0.8051124661186462,0
23.777049881539597,-1.1100643562683756,0.31915529234713524,0
23.774887387142144,0.031451864696126375,-0.5391055193974177,1
23.773740208448544,0.5301671450754628,-0.004525442056693141,1
23.777049881539597,-1.1100643562683756,0.31915529234713524,0
23.774887387142144,0.031451864696126375,-0.5391055193974177,0
23.776456658824827,-0.30714586241091313,0.5851622390683637,0
23.774887387142144,0.031451864696126375,-0.5391055193974177,0
23.776456658824827,-0.30714586241091313,0.5851622390683637,0
23.776456658824827,-0.30714586241091313,0.5851622390683637,1
23.774333431163313,-0.27275134878200014,-0.27053238877792163,0
23.773726831490876,-0.6950999572662289,-0.8810120616392405,0
23.777049881539597,-1.1100643562683756,0.31915529234713524,0
23.772540386061337,0.9107370304486966,-0.34899816819678353,1
23.774887387142144,0.031451864696126375,-0.5391055193974177,0
23.773740208448544,0.5301671450754628,-0.004525442056693141,0
23.776456658824827,-0.30714586241091313,0.5851622390683637,1
23.776456658824827,-0.30714586241091313,0.5851622390683637,0
23.776456658824827,-0.30714586241091313,0.5851622390683637,0
23.776456658824827,-0.30714586241091313,0.5851622390683637,0
23.773133608776106,0.10781853659123408,-0.615005114918012,0
23.774023842858014,0.46596673707399416,-0.39405248469553866,0
23.776456658824827,-0.30714586241091313,0.5851622390683637,0
23.776456658824827,-0.30714586241091313,0.5851622390683637,0
23.776456658824827,-0.30714586241091313,0.5851622390683637,0
23.775480609856913,-0.7714666291613361,-0.8051124661186462,0
23.773740208448544,0.5301671450754628,-0.004525442056693141,0
23.773133608776106,0.10781853659123408,-0.615005114918012,0
23.773740208448544,0.5301671450754628,-0.004525442056693141,1
23.776456658824827,-0.30714586241091313,0.5851622390683637,0
23.776456658824827,-0.30714586241091313,0.5851622390683637,0
24.774884000808925,0.03308584527502534,-0.5407576303450212,0
24.776453272491608,-0.30551188183201416,0.5835101281207602,1
24.776453272491608,-0.30551188183201416,0.5835101281207602,0
24.776453272491608,-0.30551188183201416,0.5835101281207602,0
24.776453272491608,-0.30551188183201416,0.5835101281207602,0
24.776453272491608,-0.30551188183201416,0.5835101281207602,0
24.776453272491608,-0.30551188183201416,0.5835101281207602,0
24.775477223523694,-0.7698326485824372,-0.8067645770662497,0
24.776453272491608,-0.30551188183201416,0.5835101281207602,0
24.776453272491608,-0.30551188183201416,0.5835101281207602,0
24.774600366399454,0.09728625327649398,-0.1512305877061757,0
24.776453272491608,-0.30551188183201416,0.5835101281207602,0
24.776453272491608,-0.30551188183201416,0.5835101281207602,0
25.773140213067563,1.3363536000907232,0.2581772827693283,1
25.774880614475933,0.0347198258539243,-0.5424097412926248,0
25.774596980066462,0.09892023385539295,-0.15288269865377924,0
25.774880614475933,0.0347198258539243,-0.5424097412926248,0
25.774880614475933,0.0347198258539243,-0.5424097412926248,0
25.777043108873386,-1.1067963951105777,0.3158510704519282,0
25.773126836109896,0.11108649774903201,-0.6183093368132191,0
25.773140213067563,1.3363536000907232,0.2581772827693283,1
26.773716672491673,-0.690198015529532,-0.8859683944820511,0
26.773123449776904,0.11272047832793097,-0.6199614477608226,0
26.773123449776904,0.11272047832793097,-0.6199614477608226,0
26.776446499825624,-0.30224392067421624,0.5802059062255531,0
26.77432327216411,-0.26784940704530324,-0.27548872162073224,0
26.777039722540394,-1.1051624145316787,0.31419895950432464,0
27.77313344040158,1.3396215612485212,0.25487306087412165,1
27.77487384180995,0.03798778701172223,-0.5457139631878314,0
27.77487384180995,0.03798778701172223,-0.5457139631878314,0
27.77487384180995,0.03798778701172223,-0.5457139631878314,1
27.776443113492633,-0.3006099400953173,0.57855379527795,0
27.77313344040158,1.3396215612485212,0.25487306087412165,1
27.77372666311635,0.5367030673910587,-0.01113388584710684,1
27.77487384180995,0.03798778701172223,-0.5457139631878314,1
28.772523454395923,0.9189069333431914,-0.35725872293480077,1
28.773709899825462,-0.686930054371734,-0.8892726163772577,0
28.7743164994979,-0.2645814458875053,-0.27879294351593886,0
28.776439727159413,-0.2989759595164183,0.5769016843303465,0
28.777032949874183,-1.1018944533738808,0.310894737609118,0
29.77486706914374,0.04125574816952016,-0.5490181850830385,0
29.77643634082642,-0.29734197893751935,0.575249573382743,0
29.77702956354119,-1.1002604727949818,0.3092426266615145,0
29.77312666773537,1.342889522406319,0.2515688389789146,1
29.77643634082642,-0.29734197893751935,0.575249573382743,0
29.77643634082642,-0.29734197893751935,0.575249573382743,0
29.77643634082642,-0.29734197893751935,0.575249573382743,0
29.775460291858508,-0.7616627456879423,-0.815025131804267,0
29.77643634082642,-0.29734197893751935,0.575249573382743,0
29.77486706914374,0.04125574816952016,-0.5490181850830385,0
29.7731132907777,0.11762242006462786,-0.6249177806036328,0
29.77643634082642,-0.29734197893751935,0.575249573382743,0
29.775460291858508,-0.7616627456879423,-0.815025131804267,0
29.77702956354119,-1.1002604727949818,0.3092426266615145,0
29.77702956354119,-1.1002604727949818,0.3092426266615145,0
29.7731132907777,0.11762242006462786,-0.6249177806036328,0
29.77643634082642,-0.29734197893751935,0.575249573382743,0
29.77312666773537,1.342889522406319,0.2515688389789146,1
29.77643634082642,-0.29734197893751935,0.575249573382743,0
29.77702956354119,-1.1002604727949818,0.3092426266615145,0
29.77486706914374,0.04125574816952016,-0.5490181850830385,0
29.77370651349247,-0.6852960737928351,-0.8909247273248613,0
29.77643634082642,-0.29734197893751935,0.575249573382743,0
29.77643634082642,-0.29734197893751935,0.575249573382743,0
29.77643634082642,-0.29734197893751935,0.575249573382743,0
30.77310990444471,0.11925640064352683,-0.6265698915512363,0
30.77643295449343,-0.2957079983586204,0.5735974624351394,1
30.77310990444471,0.11925640064352683,-0.6265698915512363,0
30.77643295449343,-0.2957079983586204,0.5735974624351394,0
30.77643295449343,-0.2957079983586204,0.5735974624351394,0
30.773123281402377,1.344523502985218,0.24991672803131104,1
30.774863682810746,0.04288972874841912,-0.550670296030642,0
30.773716504117147,0.5416050091277556,-0.016090218689917446,0
30.773123281402377,1.344523502985218,0.24991672803131104,1
30.773716504117147,0.5416050091277556,-0.016090218689917446,0
30.775456905525516,-0.7600287651090434,-0.8166772427518705,0
30.774863682810746,0.04288972874841912,-0.550670296030642,0
31.773713117784155,0.5432389897066545,-0.01774232963752098,0
31.773713117784155,0.5432389897066545,-0.01774232963752098,0
31.773713117784155,0.5432389897066545,-0.01774232963752098,0
31.776429568160438,-0.2940740177797214,0.5719453514875359,0
31.774860296477755,0.044523709327318084,-0.5523224069782455,0
31.773119895069385,1.346157483564117,0.2482646170837075,1
31.777022790875208,-1.096992511637184,0.3059384047663074,0
31.777022790875208,-1.096992511637184,0.3059384047663074,0
31.777022790875208,-1.096992511637184,0.3059384047663074,0
31.776429568160438,-0.2940740177797214,0.5719453514875359,0
31.776429568160438,-0.2940740177797214,0.5719453514875359,0
31.773119895069385,1.346157483564117,0.2482646170837075,1
31.777022790875208,-1.096992511637184,0.3059384047663074,0
32.773709731450936,0.5448729702855535,-0.019394440585124517,1
32.77642618182722,-0.29244003720082246,0.5702932405399324,0
32.77642618182722,-0.29244003720082246,0.5702932405399324,0
32.77642618182722,-0.29244003720082246,0.5702932405399324,0
32.77642618182722,-0.29244003720082246,0.5702932405399324,0
32.77701940454199,-1.095358531058285,0.30428629381870387,0
32.77701940454199,-1.095358531058285,0.30428629381870387,0
32.7731031317785,0.12252436180132475,-0.6298741134464434,0
32.77701940454199,-1.095358531058285,0.30428629381870387,0
32.775450132859305,-0.7567608039512455,-0.8199814646470776,0
32.77701940454199,-1.095358531058285,0.30428629381870387,0
32.77642618182722,-0.29244003720082246,0.5702932405399324,0
32.77701940454199,-1.095358531058285,0.30428629381870387,0
32.77670981623669,-0.3566404452022911,0.18076619790108683,0
32.77250990906373,0.9254428556587873,-0.3638671667252149,1
32.7731031317785,0.12252436180132475,-0.6298741134464434,0
32.77642618182722,-0.29244003720082246,0.5702932405399324,0
32.77642618182722,-0.29244003720082246,0.5702932405399324,0
32.77701940454199,-1.095358531058285,0.30428629381870387,0
32.77642618182722,-0.29244003720082246,0.5702932405399324,0
32.7731031317785,0.12252436180132475,-0.6298741134464434,0
32.77642618182722,-0.29244003720082246,0.5702932405399324,0
32.77642618182722,-0.29244003720082246,0.5702932405399324,1
33.77642279549423,-0.2908060566219235,0.5686411295923288,0
33.77429956783271,-0.2564115429930105,-0.28705349825395654,0
33.777016018209,-1.093724550479386,0.30263418287110033,0
33.777016018209,-1.093724550479386,0.30263418287110033,0
33.774853523811544,0.04779167048511601,-0.5556266288734526,0
34.776419409161235,-0.28917207604302453,0.5669890186447253,0
34.773096359112515,0.12579232295912268,-0.6331783353416505,0
34.77485013747855,0.049425651064014975,-0.5572787398210561,0
34.77544336019332,-0.7534928427934475,-0.8232856865422846,0
34.77370295878495,0.5481409314433514,-0.02269866248033159,0
35.77425352843056,0.8539781255003764,-0.2929239040474312,1
35.776416022828016,-0.28753809546412556,0.5653369076971217,0
35.77369957245173,0.5497749120222504,-0.024350773427935124,0
35.776416022828016,-0.28753809546412556,0.5653369076971217,0
35.777009245542786,-1.090456589321588,0.29932996097589326,0
35.7754399738601,-0.7518588622145486,-0.8249377974898882,0
35.776416022828016,-0.28753809546412556,0.5653369076971217,0
35.77310634973696,1.3526934058797129,0.24165617329329336,1
35.77456311673586,0.11526003964438258,-0.16940380812981415,0
35.776416022828016,-0.28753809546412556,0.5653369076971217,0
35.777009245542786,-1.090456589321588,0.29932996097589326,0
35.773092972779295,0.12742630353802165,-0.634830446289254,0
35.776416022828016,-0.28753809546412556,0.5653369076971217,0
35.776416022828016,-0.28753809546412556,0.5653369076971217,0
35.773092972779295,0.12742630353802165,-0.634830446289254,0
35.773686195494065,-0.6754921903194413,-0.9008373930104825,0
35.77484675114533,0.05105963164291394,-0.5589308507686597,1
35.77484675114533,0.05105963164291394,-0.5589308507686597,0
35.77456311673586,0.11526003964438258,-0.16940380812981415,0
35.777009245542786,-1.090456589321588,0.29932996097589326,0
35.776416022828016,-0.28753809546412556,0.5653369076971217,1
35.77396989402109,0.9181785335018451,0.09660313859141434,1
35.77515633945063,-0.6876584542130799,-0.43541075485104264,0
35.776416022828016,-0.28753809546412556,0.5653369076971217,0
35.776416022828016,-0.28753809546412556,0.5653369076971217,0
35.776416022828016,-0.28753809546412556,0.5653369076971217,0
35.77396989402109,0.9181785335018451,0.09660313859141434,1
35.77456311673586,0.11526003964438258,-0.16940380812981415,0
35.776416022828016,-0.28753809546412556,0.5653369076971217,0
35.77484675114533,0.05105963164291394,-0.5589308507686597,0
35.77456311673586,0.11526003964438258,-0.16940380812981415,1
36.77484336481234,0.0526936122218129,-0.5605829617162632,0
36.77484336481234,0.0526936122218129,-0.5605829617162632,0
36.77543658752711,-0.7502248816356496,-0.8265899084374917,0
36.77484336481234,0.0526936122218129,-0.5605829617162632,0
36.773089586446304,0.1290602841169206,-0.6364825572368575,1
36.77310296340397,1.3543273864586118,0.24000406234568983,1
36.773089586446304,0.1290602841169206,-0.6364825572368575,0
36.77484336481234,0.0526936122218129,-0.5605829617162632,0
36.77369618611874,0.5514088926011493,-0.02600288437553866,0
36.777005859209794,-1.088822608742689,0.2976778500282897,0
36.773089586446304,0.1290602841169206,-0.6364825572368575,0
36.776412636495024,-0.2859041148852266,0.5636847967495182,0
37.77640925016203,-0.28427013430632764,0.5620326858019151,0
37.7770024728768,-1.0871886281637901,0.29602573908068663,0
37.77483997847935,0.054327592800711866,-0.5622350726638663,0
37.77369279978575,0.5530428731800483,-0.02765499532314175,0
37.77369279978575,0.5530428731800483,-0.02765499532314175,1
37.77640925016203,-0.28427013430632764,0.5620326858019151,0
37.77640925016203,-0.28427013430632764,0.5620326858019151,0
37.77308620011331,0.13069426469581957,-0.6381346681844606,0
37.77483997847935,0.054327592800711866,-0.5622350726638663,0
37.77640925016203,-0.28427013430632764,0.5620326858019151,0
37.77309957707098,1.3559613670375108,0.23835195139808674,1
37.77455634406988,0.11852800080218051,-0.17270803002502078,0
37.77543320119412,-0.7485909010567506,-0.8282420193850948,0
37.77543320119412,-0.7485909010567506,-0.8282420193850948,0
38.77308281378032,0.13232824527471854,-0.6397867791320642,0
38.77640586382904,-0.2826361537274287,0.5603805748543116,1
38.77640586382904,-0.2826361537274287,0.5603805748543116,1
38.77483659214636,0.05596157337961083,-0.5638871836114698,0
38.77367603649509,-0.6705902485827444,-0.9057937258532927,0
38.77308281378032,0.13232824527471854,-0.6397867791320642,0
38.77308281378032,0.13232824527471854,-0.6397867791320642,0
38.77640586382904,-0.2826361537274287,0.5603805748543116,0
39.77542642852791,-0.7453229398989527,-0.8315462412803019,0
39.77368602711954,0.5563108343378462,-0.030959217218348822,0
39.7730794274471,0.1339622258536175,-0.6414388900796677,0
39.7730794274471,0.1339622258536175,-0.6414388900796677,0
39.77640247749582,-0.2810021731485297,0.558728463906708,0
39.77640247749582,-0.2810021731485297,0.558728463906708,0
40.77308941807178,1.3608633087742077,0.23339561855527613,1
40.77639909116283,-0.27936819256963075,0.5570763529591045,0
40.77308941807178,1.3608633087742077,0.23339561855527613,1
40.774829819480146,0.05922953453740876,-0.5671914055066769,0
40.77368264078655,0.5579448149167452,-0.03261132816595236,0
40.77307604111411,0.13559620643251646,-0.6430910010272712,0
40.77308941807178,1.3608633087742077,0.23339561855527613,1
40.775423042194916,-0.7436889593200537,-0.8331983522279054,0
40.77639909116283,-0.27936819256963075,0.5570763529591045,0
41.77639570482984,-0.2777342119907318,0.555424242011501,0
41.77247943206635,0.9401486808688779,-0.3787361652536463,1
41.77639570482984,-0.2777342119907318,0.555424242011501,0
41.774826433147155,0.06086351511630772,-0.5688435164542804,0
41.77307265478112,0.13723018701141543,-0.6447431119748748,0
41.77639570482984,-0.2777342119907318,0.555424242011501,0
41.77639570482984,-0.2777342119907318,0.555424242011501,0
41.773086031738785,1.3624972893531067,0.2317435076076726,1
42.77482304681416,0.062497495695206684,-0.570495627401884,0
42.77367586812056,0.5612127760745431,-0.03591555006115943,0
42.77394618968992,0.9296163975541378,0.08503836195819003,1
42.773069268448126,0.1388641675903144,-0.6463952229224783,0
42.77426909083533,-0.24170571778291983,-0.3019224967823879,0
42.77482304681416,0.062497495695206684,-0.570495627401884,1
43.77638893216363,-0.27446625083293386,0.5521200201162939,0
43.773659104829676,-0.6624203456882496,-0.9140542805913103,0
43.77638893216363,-0.27446625083293386,0.5521200201162939,0
43.773672481787344,0.5628467566534421,-0.037567661008762965,1
43.773659104829676,-0.6624203456882496,-0.9140542805913103,0
43.77638893216363,-0.27446625083293386,0.5521200201162939,0
43.774819660480944,0.06413147627410565,-0.5721477383494875,1
44.773062495781915,0.14213212874811232,-0.6496994448176854,0
44.776385545830635,-0.2728322702540349,0.5504679091686904,0
44.776385545830635,-0.2728322702540349,0.5504679091686904,0
44.77366909545435,0.564480737232341,-0.0392197719563665,1
44.77481627414795,0.06576545685300461,-0.573799849297091,0
44.77366909545435,0.564480737232341,-0.0392197719563665,1
44.77540949686272,-0.7371530370044579,-0.8398067960183195,0
44.776385545830635,-0.2728322702540349,0.5504679091686904,0
44.77393941702371,0.9328843587119358,0.08173414006298296,1
45.77638215949764,-0.27119828967513593,0.5488157982210868,0
45.77481288781496,0.06739943743190357,-0.5754519602446946,0
45.77697538221241,-1.0741167835325984,0.28280885149985835,0
45.77697538221241,-1.0741167835325984,0.28280885149985835,0
45.77246588673415,0.9466846031844738,-0.3853446090440604,1
45.77481288781496,0.06739943743190357,-0.5754519602446946,0
45.77481288781496,0.06739943743190357,-0.5754519602446946,0
45.77481288781496,0.06739943743190357,-0.5754519602446946,0
46.77393264435773,0.9361523198697337,0.07842991816777634,1
46.7730691000736,1.3706671922476015,0.22348295286965536,1
46.77305572311593,0.14540008990591025,-0.653003666712892,0
46.7730691000736,1.3706671922476015,0.22348295286965536,1
46.77637877316465,-0.26956430909623696,0.5471636872734837,0
46.77480950148197,0.06903341801080254,-0.5771040711922977,0
46.7730691000736,1.3706671922476015,0.22348295286965536,1
46.77305572311593,0.14540008990591025,-0.653003666712892,0
47.77305233678271,0.1470340704848092,-0.6546557776604955,0
47.77305233678271,0.1470340704848092,-0.6546557776604955,0
47.7769686095462,-1.0708488223748005,0.2795046296046517,0
47.77480611514875,0.0706673985897015,-0.5787561821399012,0
47.77637538683143,-0.267930328517338,0.5455115763258802,0
47.77637538683143,-0.267930328517338,0.5455115763258802,0
47.77306571374038,1.3723011728265004,0.22183084192205182,1
47.77480611514875,0.0706673985897015,-0.5787561821399012,0
47.7769686095462,-1.0708488223748005,0.2795046296046517,0
47.77365893645515,0.5693826789690379,-0.04417610479917666,0
48.77480272881576,0.07230137916860047,-0.5804082930875047,0
48.77539595153053,-0.730617114688862,-0.8464152398087332,0
49.774799342482765,0.07393535974749943,-0.5820604040351083,0
49.774799342482765,0.07393535974749943,-0.5820604040351083,0
50.775389178864316,-0.7273491535310641,-0.8497194617039403,0
50.77636522783223,-0.2630283867806411,0.5405552434830696,0
50.774512321740076,0.13976974832786704,-0.1941854723438663,1
50.77636522783223,-0.2630283867806411,0.5405552434830696,0
51.774792569816555,0.07720332090529736,-0.5853646259303154,0
51.77303879145052,0.15356999280040506,-0.6612642214509097,0
51.77363201416529,-0.6493485010570579,-0.9272711681721382,0
52.776358455166246,-0.2597604256228432,0.5372510215878625,0
52.77391232635932,0.9459562033431275,0.06851725248215512,1
52.77450554907409,0.14303770948566497,-0.19748969423907337,1
53.776355068833254,-0.2581264450439442,0.535598910640259,0
53.776355068833254,-0.2581264450439442,0.535598910640259,0
53.776355068833254,-0.2581264450439442,0.535598910640259,0
53.776355068833254,-0.2581264450439442,0.535598910640259,0
53.776355068833254,-0.2581264450439442,0.535598910640259,0
